"treatment","shrub_cover","grass_cover","forb_cover","shrub_height","grass_height","predicted_state","SE","lower_CI","upper_CI"
"mine",33.8396407685881,12.1590277777778,11.1761826441103,6.72943279210668,3.58192889040889,9.23451108977238,2.59856877935345,4.14131628223962,14.3277058973051
"rx_fire_sec_growth",33.8396407685881,12.1590277777778,11.1761826441103,6.72943279210668,3.58192889040889,4.63255184364805,1.47392365741401,1.74366147511659,7.5214422121795
"rx_fire_young",33.8396407685881,12.1590277777778,11.1761826441103,6.72943279210668,3.58192889040889,12.1970145500886,3.94496829420557,4.46487669344564,19.9291524067315
"timber",33.8396407685881,12.1590277777778,11.1761826441103,6.72943279210668,3.58192889040889,14.2092179525686,3.84667245569873,6.66973993939907,21.7486959657381
