"treatment","shrub_cover","grass_cover","forb_cover","shrub_height","grass_height","predicted_state","SE","lower_CI","upper_CI"
"mine",33.8396407685881,12.1590277777778,11.1761826441103,6.72943279210668,3.58192889040889,0.587392756684343,0.34993132186031,-0.0984726341618652,1.27325814753055
"rx_fire_sec_growth",33.8396407685881,12.1590277777778,11.1761826441103,6.72943279210668,3.58192889040889,0.0488808941477823,0.0512344423167755,-0.0515386127930976,0.149300401088662
"rx_fire_young",33.8396407685881,12.1590277777778,11.1761826441103,6.72943279210668,3.58192889040889,4.04480234692473,1.05414255833936,1.97868293257958,6.11092176126989
"timber",33.8396407685881,12.1590277777778,11.1761826441103,6.72943279210668,3.58192889040889,3.55981171409839,1.08884779352583,1.42567003878777,5.69395338940901
