"treatment","shrub_cover","grass_cover","forb_cover","shrub_height","grass_height","predicted_state","SE","lower_CI","upper_CI"
"mature_savanna",33.8396407685881,12.1590277777778,11.1761826441103,6.72943279210668,3.58192889040889,9.56151469316886,2.2759769010605,5.10059996709028,14.0224294192474
"mine",33.8396407685881,12.1590277777778,11.1761826441103,6.72943279210668,3.58192889040889,11.8006364789276,2.32626202141541,7.24116291695338,16.3601100409018
"timber",33.8396407685881,12.1590277777778,11.1761826441103,6.72943279210668,3.58192889040889,3.73843643318838,0.870906146292565,2.03146038645495,5.44541247992181
"young_savanna",33.8396407685881,12.1590277777778,11.1761826441103,6.72943279210668,3.58192889040889,5.52529985123533,1.21482138654589,3.14424993360538,7.90634976886528
