"treatment","shrub_cover","grass_cover","forb_cover","shrub_height","grass_height","predicted_state","SE","lower_CI","upper_CI"
"mature_savanna",33.8396407685881,12.1590277777778,11.1761826441103,6.72943279210668,3.58192889040889,8.44383489779814,1.98744964361041,4.54843359632173,12.3392361992746
"mine",33.8396407685881,12.1590277777778,11.1761826441103,6.72943279210668,3.58192889040889,10.3870465858389,2.29309946878425,5.89257162702181,14.8815215446561
"timber",33.8396407685881,12.1590277777778,11.1761826441103,6.72943279210668,3.58192889040889,3.57182614274714,0.895219487475876,1.81719594729442,5.32645633819985
"young_savanna",33.8396407685881,12.1590277777778,11.1761826441103,6.72943279210668,3.58192889040889,3.97988057714247,1.079754556282,1.86356164682976,6.09619950745519
