"treatment","shrub_cover","grass_cover","forb_cover","shrub_height","grass_height","predicted_state","SE","lower_CI","upper_CI"
"mine",33.8396407685881,12.1590277777778,11.1761826441103,6.72943279210668,3.58192889040889,0.222532027253548,0.157342321799702,-0.0858589234738682,0.530922977980965
"rx_fire_sec_growth",33.8396407685881,12.1590277777778,11.1761826441103,6.72943279210668,3.58192889040889,2.48390276088585,0.651041488956157,1.20786144253178,3.75994407923992
"rx_fire_young",33.8396407685881,12.1590277777778,11.1761826441103,6.72943279210668,3.58192889040889,3.02723242879975,0.667770695978789,1.71840186468132,4.33606299291817
"timber",33.8396407685881,12.1590277777778,11.1761826441103,6.72943279210668,3.58192889040889,2.48495196712225,0.612520545319209,1.2844116982966,3.6854922359479
