"treatment","shrub_cover","grass_cover","forb_cover","shrub_height","grass_height","predicted_state","SE","lower_CI","upper_CI"
"mature_savanna",33.8396407685881,12.1590277777778,11.1761826441103,6.72943279210668,3.58192889040889,1.35613482820102,0.422813795597446,0.527419788830022,2.18484986757201
"mine",33.8396407685881,12.1590277777778,11.1761826441103,6.72943279210668,3.58192889040889,6.30204761175422,1.05399063517156,4.23622596681797,8.36786925669047
"timber",33.8396407685881,12.1590277777778,11.1761826441103,6.72943279210668,3.58192889040889,6.52958676459218,1.08493927337001,4.40310578878695,8.65606774039741
"young_savanna",33.8396407685881,12.1590277777778,11.1761826441103,6.72943279210668,3.58192889040889,6.15424116018761,1.04008285384783,4.11567876664586,8.19280355372936
