"treatment","shrub_cover","grass_cover","forb_cover","shrub_height","grass_height","predicted_state","SE","lower_CI","upper_CI"
"mine",33.8396407685881,12.1590277777778,11.1761826441103,6.72943279210668,3.58192889040889,1.59067425865886,0.514380563206153,0.582488354774796,2.59886016254292
"rx_fire_sec_growth",33.8396407685881,12.1590277777778,11.1761826441103,6.72943279210668,3.58192889040889,0.484841591865629,0.228575731214712,0.036833158684793,0.932850025046464
"rx_fire_young",33.8396407685881,12.1590277777778,11.1761826441103,6.72943279210668,3.58192889040889,17.8096223835967,2.20865284120996,13.4806628148252,22.1385819523682
"timber",33.8396407685881,12.1590277777778,11.1761826441103,6.72943279210668,3.58192889040889,2.55534448996609,0.670371821970575,1.24141571890376,3.86927326102842
