"treatment","shrub_cover","grass_cover","forb_cover","shrub_height","grass_height","predicted_state","SE","lower_CI","upper_CI"
"mine",33.8396407685881,12.1590277777778,11.1761826441103,6.72943279210668,3.58192889040889,2.60013398379907,0.6054650625709,1.41342246116011,3.78684550643804
"rx_fire_sec_growth",33.8396407685881,12.1590277777778,11.1761826441103,6.72943279210668,3.58192889040889,8.60575599421517,1.37345151772588,5.91379101947246,11.2977209689579
"rx_fire_young",33.8396407685881,12.1590277777778,11.1761826441103,6.72943279210668,3.58192889040889,3.0502442803892,0.627020447422961,1.8212842034402,4.27920435733821
"timber",33.8396407685881,12.1590277777778,11.1761826441103,6.72943279210668,3.58192889040889,1.73236514639769,0.471313080688902,0.808591508247441,2.65613878454794
