"treatment","shrub_cover","grass_cover","forb_cover","shrub_height","grass_height","predicted_state","SE","lower_CI","upper_CI"
"mine",33.8396407685881,12.1590277777778,11.1761826441103,6.72943279210668,3.58192889040889,2.31533566391742,0.581547817916257,1.17550194080156,3.45516938703328
"rx_fire_sec_growth",33.8396407685881,12.1590277777778,11.1761826441103,6.72943279210668,3.58192889040889,0.630926786086338,0.282180512639814,0.0778529813123024,1.18400059086037
"rx_fire_young",33.8396407685881,12.1590277777778,11.1761826441103,6.72943279210668,3.58192889040889,14.0927860176277,1.81848161995755,10.528562042511,17.6570099927445
"timber",33.8396407685881,12.1590277777778,11.1761826441103,6.72943279210668,3.58192889040889,2.07548638237484,0.531834867785898,1.03309004151448,3.1178827232352
