"treatment","shrub_cover","grass_cover","forb_cover","shrub_height","grass_height","predicted_state","SE","lower_CI","upper_CI"
"mature_savanna",33.8396407685881,12.1590277777778,11.1761826441103,6.72943279210668,3.58192889040889,0.128543158190274,0.128554207690898,-0.123423088883885,0.380509405264434
"mine",33.8396407685881,12.1590277777778,11.1761826441103,6.72943279210668,3.58192889040889,0.342971313293189,0.198075426237052,-0.045256522131432,0.73119914871781
"timber",33.8396407685881,12.1590277777778,11.1761826441103,6.72943279210668,3.58192889040889,1.90775188161854,0.519117766408241,0.890281059458385,2.92522270377869
"young_savanna",33.8396407685881,12.1590277777778,11.1761826441103,6.72943279210668,3.58192889040889,7.36837403665203,1.34030645761076,4.74137337973495,9.99537469356912
