"treatment","shrub_cover","grass_cover","forb_cover","shrub_height","grass_height","predicted_state","SE","lower_CI","upper_CI"
"mature_savanna",33.8396407685881,12.1590277777778,11.1761826441103,6.72943279210668,3.58192889040889,4.65220662845948,1.49529640647761,1.72142567176337,7.58298758515558
"mine",33.8396407685881,12.1590277777778,11.1761826441103,6.72943279210668,3.58192889040889,9.33841476009537,2.65808204964406,4.12857394279302,14.5482555773977
"timber",33.8396407685881,12.1590277777778,11.1761826441103,6.72943279210668,3.58192889040889,14.2914344961592,3.9167046912006,6.61469330140602,21.9681756909124
"young_savanna",33.8396407685881,12.1590277777778,11.1761826441103,6.72943279210668,3.58192889040889,11.5219157841835,3.91001701619498,3.85828243244136,19.1855491359257
