"treatment","shrub_cover","grass_cover","forb_cover","shrub_height","grass_height","predicted_state","SE","lower_CI","upper_CI"
"mature_savanna",33.8396407685881,12.1590277777778,11.1761826441103,6.72943279210668,3.58192889040889,1.4116294120003,0.498207645248757,0.435142427312732,2.38811639668786
"mine",33.8396407685881,12.1590277777778,11.1761826441103,6.72943279210668,3.58192889040889,4.60630646977358,0.979095474944129,2.68727933888309,6.52533360066407
"timber",33.8396407685881,12.1590277777778,11.1761826441103,6.72943279210668,3.58192889040889,5.79112040577786,1.09623094414991,3.64250775524403,7.93973305631168
"young_savanna",33.8396407685881,12.1590277777778,11.1761826441103,6.72943279210668,3.58192889040889,9.12239120543359,1.62207178139522,5.94313051389896,12.3016518969682
