"treatment","shrub_cover","grass_cover","forb_cover","shrub_height","grass_height","predicted_state","SE","lower_CI","upper_CI"
"mine",33.8396407685881,12.1590277777778,11.1761826441103,6.72943279210668,3.58192889040889,0.589780524766384,0.351436669102077,-0.0990353466736865,1.27859639620646
"rx_fire_sec_growth",33.8396407685881,12.1590277777778,11.1761826441103,6.72943279210668,3.58192889040889,0.048514612419649,0.0508782691917357,-0.051206795196153,0.148236020035451
"rx_fire_young",33.8396407685881,12.1590277777778,11.1761826441103,6.72943279210668,3.58192889040889,3.92155616544634,1.02480162627743,1.91294497794257,5.93016735295011
"timber",33.8396407685881,12.1590277777778,11.1761826441103,6.72943279210668,3.58192889040889,3.61298126561684,1.10388940565984,1.44935803052356,5.77660450071012
