"treatment","shrub_cover","grass_cover","forb_cover","shrub_height","grass_height","predicted_state","SE","lower_CI","upper_CI"
"mature_savanna",33.8396407685881,12.1590277777778,11.1761826441103,6.72943279210668,3.58192889040889,0.485944192860476,0.22900731642785,0.0370898526618906,0.934798533059061
"mine",33.8396407685881,12.1590277777778,11.1761826441103,6.72943279210668,3.58192889040889,1.58095709755324,0.511096838337238,0.579207294412252,2.58270690069422
"timber",33.8396407685881,12.1590277777778,11.1761826441103,6.72943279210668,3.58192889040889,2.54565493257852,0.668074681204619,1.23622855741747,3.85508130773957
"young_savanna",33.8396407685881,12.1590277777778,11.1761826441103,6.72943279210668,3.58192889040889,17.9441636954457,2.20106040982861,13.6300852921816,22.2582420987098
