"treatment","shrub_cover","grass_cover","forb_cover","shrub_height","grass_height","predicted_state","SE","lower_CI","upper_CI"
"mature_savanna",33.8396407685881,12.1590277777778,11.1761826441103,6.72943279210668,3.58192889040889,6.22871951545855,1.48803654265972,3.31216789184549,9.1452711390716
"mine",33.8396407685881,12.1590277777778,11.1761826441103,6.72943279210668,3.58192889040889,16.2715199479052,2.8954971069104,10.5963456183608,21.9466942774496
"timber",33.8396407685881,12.1590277777778,11.1761826441103,6.72943279210668,3.58192889040889,7.9163757448637,1.48327036790538,5.00916582376915,10.8235856659583
"young_savanna",33.8396407685881,12.1590277777778,11.1761826441103,6.72943279210668,3.58192889040889,4.38232996556544,0.959677367770361,2.50136232473553,6.26329760639535
