"treatment","shrub_cover","grass_cover","forb_cover","shrub_height","grass_height","predicted_state","SE","lower_CI","upper_CI"
"mature_savanna",33.8396407685881,12.1590277777778,11.1761826441103,6.72943279210668,3.58192889040889,3.96056792863747,0.907759780974129,2.18135875792818,5.73977709934676
"mine",33.8396407685881,12.1590277777778,11.1761826441103,6.72943279210668,3.58192889040889,7.75532219212551,1.63077415172332,4.55900485474781,10.9516395295032
"timber",33.8396407685881,12.1590277777778,11.1761826441103,6.72943279210668,3.58192889040889,15.7396172260502,3.80173935940118,8.28820808162392,23.1910263704766
"young_savanna",33.8396407685881,12.1590277777778,11.1761826441103,6.72943279210668,3.58192889040889,14.6216491680956,4.6751446220128,5.4583657089505,23.7849326272407
