"treatment","shrub_cover","grass_cover","forb_cover","shrub_height","grass_height","predicted_state","SE","lower_CI","upper_CI"
"mine",33.8396407685881,12.1590277777778,11.1761826441103,6.72943279210668,3.58192889040889,0.703527329492921,0.351992099687884,0.0136228141046691,1.39343184488117
"rx_fire_sec_growth",33.8396407685881,12.1590277777778,11.1761826441103,6.72943279210668,3.58192889040889,0.110315897289896,0.0869910546869576,-0.0601865698965406,0.280818364476333
"rx_fire_young",33.8396407685881,12.1590277777778,11.1761826441103,6.72943279210668,3.58192889040889,6.38518875149564,1.37158726371978,3.69687771460487,9.07349978838641
"timber",33.8396407685881,12.1590277777778,11.1761826441103,6.72943279210668,3.58192889040889,0.794365211857989,0.359333667251671,0.0900712240447142,1.49865919967126
