"treatment","shrub_cover","grass_cover","forb_cover","shrub_height","grass_height","predicted_state","SE","lower_CI","upper_CI"
"mine",33.8396407685881,12.1590277777778,11.1761826441103,6.72943279210668,3.58192889040889,11.4042086691401,1.73948010561198,7.99482766214059,14.8135896761396
"rx_fire_sec_growth",33.8396407685881,12.1590277777778,11.1761826441103,6.72943279210668,3.58192889040889,5.86833383115767,1.0684041380643,3.77426172055165,7.96240594176369
"rx_fire_young",33.8396407685881,12.1590277777778,11.1761826441103,6.72943279210668,3.58192889040889,6.82239333489962,1.16940281005965,4.5303638271827,9.11442284261654
"timber",33.8396407685881,12.1590277777778,11.1761826441103,6.72943279210668,3.58192889040889,6.03671701045802,1.04763767574349,3.98334716600078,8.09008685491525
