"treatment","shrub_cover","grass_cover","forb_cover","shrub_height","grass_height","predicted_state","SE","lower_CI","upper_CI"
"mature_savanna",33.8396407685881,12.1590277777778,11.1761826441103,6.72943279210668,3.58192889040889,2.05835372042069,0.75951121182724,0.569711745239305,3.54699569560209
"mine",33.8396407685881,12.1590277777778,11.1761826441103,6.72943279210668,3.58192889040889,0.0973890903768278,0.0729049993042344,-0.0455047082594717,0.240282889013127
"timber",33.8396407685881,12.1590277777778,11.1761826441103,6.72943279210668,3.58192889040889,2.26082524852595,0.631758309253212,1.02257896238965,3.49907153466225
"young_savanna",33.8396407685881,12.1590277777778,11.1761826441103,6.72943279210668,3.58192889040889,4.32363805006954,1.05570233839131,2.25446146682257,6.39281463331651
