"treatment","shrub_cover","grass_cover","forb_cover","shrub_height","grass_height","predicted_state","SE","lower_CI","upper_CI"
"mine",33.8396407685881,12.1590277777778,11.1761826441103,6.72943279210668,3.58192889040889,1.75368916789371,0.49140182706812,0.790541586840199,2.71683674894723
"rx_fire_sec_growth",33.8396407685881,12.1590277777778,11.1761826441103,6.72943279210668,3.58192889040889,7.50432027212396,1.89565851664139,3.78882957950683,11.2198109647411
"rx_fire_young",33.8396407685881,12.1590277777778,11.1761826441103,6.72943279210668,3.58192889040889,3.18955219570213,0.718180485389032,1.78191844433963,4.59718594706463
"timber",33.8396407685881,12.1590277777778,11.1761826441103,6.72943279210668,3.58192889040889,1.77459926986017,0.524575520589115,0.746431249505509,2.80276729021484
